<?xml version="1.0" encoding="UTF-8"?>
<databaseChangeLog logicalFilePath="db/changelog/dummydata/01_DB_DUMMY_DATA.xml"
                   xmlns="http://www.liquibase.org/xml/ns/dbchangelog"
                   xmlns:xsi="http://www.w3.org/2001/XMLSchema-instance"
                   xsi:schemaLocation="http://www.liquibase.org/xml/ns/dbchangelog http://www.liquibase.org/xml/ns/dbchangelog/dbchangelog-2.0.xsd">

    <!-- insert sample test user 1 -->
    <changeSet id="100_insert_user" author="admin">
        <insert tableName="users">
            <column name="id" value="users00000000000000000000000000000002"/>
            <column name="username" value="10001"/>
            <column name="password" value="$2a$12$GqI2kQhPJBRUqoz5hQw4pOxAh0..CtFEv8ryfG3twpsj9I3M0sFES"/>
            <column name="full_name" value="Test User1"/>
            <column name="ci_name" value="test user1"/>
            <column name="email" value="1@gmail.com"/>
            <column name="status" value="ACTIVE"/>
        </insert>
        <insert tableName="users">
            <column name="id" value="users00000000000000000000000000000003"/>
            <column name="username" value="10002"/>
            <column name="password" value="$2a$12$GqI2kQhPJBRUqoz5hQw4pOxAh0..CtFEv8ryfG3twpsj9I3M0sFES"/>
            <column name="full_name" value="Test User2"/>
            <column name="ci_name" value="test user2"/>
            <column name="email" value="pavasash@gmail.com"/>
            <column name="status" value="ACTIVE"/>
        </insert>
        <rollback>
            <delete tableName="user">
                <where>username in ('10001','10002')</where>
            </delete>
        </rollback>
    </changeSet>
    <changeSet id="101_insert_location" author="admin">
        <insert tableName="location">
            <column name="id" value="locat00000000000000000000000000000001"/>
            <column name="name" value="HO"/>
            <column name="ci_name" value="ho"/>
            <column name="location_type" value="loctt00000000000000000000000000000001" />
            <column name="status" value="ACTIVE" />
        </insert>
        <insert tableName="location">
            <column name="id" value="locat00000000000000000000000000000002"/>
            <column name="name" value="Mumbai"/>
            <column name="ci_name" value="mumbai" />
            <column name="location_type" value="loctt00000000000000000000000000000005" />
            <column name="status" value="ACTIVE" />
        </insert>
    </changeSet>
    <changeSet id="102_insert_doctor" author="admin">
        <sql splitStatements="true"
             stripComments="true">
            insert into doctor (id, code, external_code, specialization, full_name, ci_name, email, status, approval_status, location_id)
            SELECT lower(concat('doctr',replace((uuid_generate_v4()::text),'-',''))), concat('ACC', generate_series(1,100)), concat('E',generate_series(1,100)),'syslv00000000000000000000000000000005', concat('Doctor ', generate_series(1, 100)),lower(concat('Doctor ', generate_series(1, 100))),'ashutosh@squer.co.in','ACTIVE','NOT_INITIATED','locat00000000000000000000000000000002'
        </sql>

    </changeSet>
    <changeSet id="103_insert_employee" author="admin">
        <insert tableName="employee">
            <column name="id" value="emply00000000000000000000000000000001"/>
            <column name="name" value="Test User2"/>
            <column name="ci_name" value="text user2"/>
            <column name="code" value="10002"/>
            <column name="job_title_id" value="1"/>
            <column name="location_id"  value="locat00000000000000000000000000000002"/>
            <column name="status" value="ACTIVE"/>
            <column name="user_id" value="users00000000000000000000000000000003"/>
        </insert>
    </changeSet>
</databaseChangeLog>
