<?xml version="1.0" encoding="UTF-8" ?>
<!DOCTYPE mapper
        PUBLIC "-//mybatis.org//DTD Mapper 3.0//EN"
        "http://mybatis.org/dtd/mybatis-3-mapper.dtd">
<mapper namespace="com.squer.hcp.mapper.SecurityRoleMapper">
    <resultMap id="securityRoleResultMap" type="com.squer.hcp.security.domain.SecurityRole">
        <id property="id" column="id" />
        <result property="name" column="name"/>
        <result property="ciName" column="ciName"/>
        <result property="createdAt" column="created_at"/>
        <result property="updatedAt" column="updated_at"/>
        <result property="createdBy" column="created_by"/>
        <result property="updatedBy" column="updated_by"/>
    </resultMap>
</mapper>
